,Rank_top,Rank_tim,Name,Aliases,Region,Country,Location,Faculty : Student,International Student : Total Student,Student : Faculty,Ratio International Students,No. of International Faculty,No. of International Students,No. of Total Faculty,No. of Total Students_top,No. of Total Students_tim
138,=137,190,Aalto University,Aalto University,Europe,Finland,Finland,0.10348234131884416,0.1507368074421668,20.2,0.2,370.0,1831.0,1257.0,12147.0,12744.0
118,119,=109,Aarhus University,Aarhus University,Europe,Denmark,Denmark,0.08830931137039578,0.14344543582704186,14.3,0.12,602.0,3762.0,2316.0,26226.0,25167.0
170,171,,Albert-Ludwigs-Universitaet Freiburg,,Europe,Germany,,0.08469027311105368,0.16787283535797365,,,413.0,3897.0,1966.0,23214.0,
187,=188,,Alma Mater Studiorum - University of Bologna,,Europe,Italy,,0.047161627155002446,0.06616823609205193,,,153.0,4195.0,2990.0,63399.0,
252,,=126,Arizona State University,Arizona State University,,,United States,,,20.1,0.19,,,,,44475.0
220,,48,Australian National University,Australian National University anu,,,Australia,,,19.3,0.35,,,,,15986.0
261,,=147,Autonomous University of Barcelona,Autonomous University of Barcelona,,,Spain,,,12.9,0.16,,,,,32309.0
80,81,=70,Boston University,Boston University,North America,United States,United States,0.12302236770321877,0.2743745616086042,8.6,0.25,379.0,7041.0,3157.0,25662.0,24833.0
52,53,=50,Brown University,Brown University,North America,United States,United States,0.14084963787698626,0.19727597016538753,10.7,0.2,379.0,1825.0,1303.0,9251.0,8898.0
200,,=3,California Institute of Technology,California Institute of Technology caltech,,,United States,,,6.5,0.27,,,,,2209.0
3,4,,California Institute of Technology (Caltech),,North America,United States,,0.42261640798226163,0.2869179600886918,,,350.0,647.0,953.0,2255.0,
136,=137,=162,Cardiff University,Cardiff University,Europe,United Kingdom,United Kingdom,0.11215143496845105,0.24791369835131286,13.5,0.26,705.0,6090.0,2755.0,24565.0,24186.0
47,=47,24,Carnegie Mellon University,Carnegie Mellon University,North America,United States,United States,0.10047918538484577,0.4780622941000299,13.5,0.45,425.0,6385.0,1342.0,13356.0,12676.0
268,,158,Case Western Reserve University,Case Western Reserve University,,,United States,,,7.1,0.19,,,,,10130.0
176,177,,CentraleSup?lec,,Europe,France,,0.13644570544235232,0.29197833376321897,,,137.0,1132.0,529.0,3877.0,
132,133,,Chalmers University of Technology,,Europe,Sweden,,0.11634438803067948,0.15825861510208492,,,336.0,1465.0,1077.0,9257.0,
253,,=126,Charit? - Universit?tsmedizin Berlin,Charit? - Universit?tsmedizin Berlin,,,Germany,,,16.2,0.18,,,,,6792.0
226,,58,Chinese University of Hong Kong,Chinese University of Hong Kong,,,Hong Kong,,,17.3,0.31,,,,,18072.0
48,49,=119,City University of Hong Kong,City University of Hong Kong CityU HK City U Hong Kong,Asia,Hong Kong,Hong Kong,0.14599567099567098,0.3542207792207792,11.2,0.35,1027.0,3273.0,1349.0,9240.0,9240.0
17,18,14,Columbia University,Columbia University,North America,United States,United States,0.2471151926532242,0.3236174885206628,6.1,0.32,913.0,8105.0,6189.0,25045.0,26587.0
13,14,19,Cornell University,Cornell University,North America,United States,United States,0.12408692476260044,0.24703250547845143,9.8,0.24,970.0,5411.0,2718.0,21904.0,21850.0
168,169,89,Dartmouth College,Dartmouth College,North America,United States,United States,0.1508676092544987,0.15183161953727506,6.6,0.15,27.0,945.0,939.0,6224.0,6100.0
53,54,63,Delft University of Technology,Delft University of Technology,Europe,Netherlands,Netherlands,0.10098626489986083,0.2803896653960186,19.6,0.27,701.0,4634.0,1669.0,16527.0,17057.0
21,=21,17,Duke University,Duke University,North America,United States,United States,0.19177545691906006,0.18694516971279374,4.5,0.22,226.0,2864.0,2938.0,15320.0,15256.0
77,=78,97,Durham University,Durham University,Europe,United Kingdom,United Kingdom,0.09190803224843237,0.2800836070468797,14.9,0.29,586.0,4690.0,1539.0,16745.0,16310.0
9,10,,ETH Zurich - Swiss Federal Institute of Technology,,Europe,Switzerland,,0.1250063083522584,0.3816805450416351,,,1886.0,7563.0,2477.0,19815.0,
202,,=10,ETH Zurich ¡V Swiss Federal Institute of Technology Zurich,ETH Zurich ¡V Swiss Federal Institute of Technology Zurich,,,Switzerland,,,14.6,0.38,,,,,19233.0
165,=164,,Eberhard Karls Universit?t T?bingen,,Europe,Germany,,0.14046627201637069,0.14105093912153768,,,796.0,3860.0,3844.0,27366.0,
58,59,,Ecole Polytechnique,,Europe,France,,0.2076135636596289,0.29558541266794625,,,259.0,924.0,649.0,3126.0,
11,12,,Ecole Polytechnique F?d?rale de Lausanne (EPFL),,Europe,Switzerland,,0.1638789519481775,0.5700473750362564,,,1300.0,5896.0,1695.0,10343.0,
42,43,,"Ecole normale sup?rieure, Paris",,Europe,France,,0.09334032511798637,0.19611955951756685,,,75.0,374.0,178.0,1907.0,
103,104,=141,Eindhoven University of Technology,Eindhoven University of Technology,Europe,Netherlands,Netherlands,0.10489785227867994,0.16697223677317968,18.6,0.17,322.0,1275.0,801.0,7636.0,7637.0
147,=147,98,Emory University,Emory University,North America,United States,United States,0.19919078742608154,0.1676003734827264,4.4,0.19,484.0,2154.0,2560.0,12852.0,12649.0
146,=147,=72,Erasmus University Rotterdam,Erasmus University Rotterdam,Europe,Netherlands,Netherlands,0.08640914364284794,0.22468096076999097,20.1,0.2,458.0,5229.0,2011.0,23273.0,22047.0
235,,88,Free University of Berlin,Free University of Berlin,,,Germany,,,57.0,0.21,,,,,34114.0
124,=125,,Freie Universitaet Berlin,,Europe,Germany,,0.04177807486631016,0.17425255226057365,,,305.0,5735.0,1375.0,32912.0,
39,40,116,Fudan University,Fudan University,Asia,China,China,0.13856186717007035,0.16063154281791658,12.1,0.1,1178.0,4680.0,4037.0,29135.0,32859.0
249,,=123,Georgetown University,Georgetown University,,,United States,,,8.6,0.17,,,,,15956.0
69,70,33,Georgia Institute of Technology,Georgia Institute of Technology,North America,United States,United States,0.05374252917180533,0.22583246371312019,20.7,0.27,75.0,4761.0,1133.0,21082.0,20773.0
125,=125,107,Ghent University,Ghent University,Europe,Belgium,Belgium,0.07006227758007118,0.10470418149466192,35.9,0.1,482.0,3766.0,2520.0,35968.0,35909.0
154,155,,Hanyang University,,Asia,South Korea,,0.13213123179715608,0.14549426075038546,,,364.0,3397.0,3085.0,23348.0,
2,3,6,Harvard University,Harvard University,North America,United States,United States,0.19394533862410274,0.234785322573454,8.9,0.26,1311.0,5266.0,4350.0,22429.0,20326.0
218,,45,Heidelberg University,Heidelberg University,,,Germany,,,23.2,0.17,,,,,28876.0
122,=122,,Hokkaido University,,Asia,Japan,,0.1484161349134002,0.07674339106654512,,,210.0,1347.0,2605.0,17552.0,
282,,=182,Hong Kong Polytechnic University,Hong Kong Polytechnic University hkpu hong kong poly,,,Hong Kong,,,26.9,0.25,,,,,21773.0
217,,44,Hong Kong University of Science and Technology,Hong Kong University of Science and Technology hkust Hong Kong University of Science and Technology,,,Hong Kong,,,23.1,0.31,,,,,10214.0
228,,62,Humboldt University of Berlin,Humboldt University of Berlin,,,Germany,,,56.5,0.17,,,,,32172.0
119,120,,Humboldt-Universit?t zu Berlin,,Europe,Germany,,0.059220434965961806,0.14473763479727694,,,407.0,4805.0,1966.0,33198.0,
7,8,8,Imperial College London,Imperial College London,Europe,United Kingdom,United Kingdom,0.2442510876320696,0.5435674331883157,11.4,0.55,2071.0,8746.0,3930.0,16090.0,15857.0
189,190,,Indian Institute of Science (IISc) Bangalore,,Asia,India,,0.10390567428150331,0.011545074920167035,,,,47.0,423.0,4071.0,
178,=179,,Indian Institute of Technology Bombay (IITB),,Asia,India,,0.09317166560306318,0.009891512444160817,,,19.0,93.0,876.0,9402.0,
171,172,,Indian Institute of Technology Delhi (IITD),,Asia,India,,0.062324461682492976,0.010699478400427979,,,4.0,80.0,466.0,7477.0,
246,,=117,Indiana University,Indiana University,,,United States,,,14.1,0.15,,,,,66835.0
197,199,,Instituto Tecnol?gico y de Estudios Superiores de Monterrey,,Latin America,Mexico,,0.1362141148325359,0.1055622009569378,,,821.0,1412.0,1822.0,13376.0,
16,17,13,Johns Hopkins University,Johns Hopkins University,North America,United States,United States,0.27635327635327633,0.2542425368512325,4.3,0.24,1061.0,4105.0,4462.0,16146.0,15498.0
40,=41,,KAIST - Korea Advanced Institute of Science & Technology,,Asia,South Korea,,0.12721351516385102,0.05943415428455119,,,147.0,584.0,1250.0,9826.0,
106,107,,"KIT, Karlsruhe Institute of Technology",,Europe,Germany,,0.07005099497718646,0.18438710172155975,,,410.0,4809.0,1827.0,26081.0,
98,=98,=173,KTH Royal Institute of Technology,KTH Royal Institute of Technology,Europe,Sweden,Sweden,0.11850213303839469,0.15302575446358035,16.0,0.17,494.0,1937.0,1500.0,12658.0,12951.0
71,=71,47,KU Leuven,KU Leuven,Europe,Belgium,Belgium,0.055228600289867806,0.15209275769686856,37.1,0.15,784.0,6926.0,2515.0,45538.0,44412.0
256,,133,Karlsruhe Institute of Technology,Karlsruhe Institute of Technology,,,Germany,,,26.3,0.18,,,,,25824.0
215,,=38,Karolinska Institute,Karolinska Institute,,,Sweden,,,10.9,0.19,,,,,7424.0
193,=192,,Keio University CEMS MIM,,Asia,Japan,,0.11656716417910448,0.06501492537313433,,,261.0,2178.0,3905.0,33500.0,
172,=173,,King Fahd University of Petroleum & Minerals,,Asia,Saudi Arabia,,0.17582781456953642,0.16374172185430463,,,665.0,989.0,1062.0,6040.0,
23,=23,,King's College London,,Europe,United Kingdom,,0.15349032800672835,0.39743481917577794,,,1513.0,9451.0,3650.0,23780.0,
213,,36,King¡¦s College London,King¡¦s College London,,,United Kingdom,,,12.0,0.41,,,,,23207.0
239,,=95,Korea Advanced Institute of Science and Technology (KAIST),Korea Advanced Institute of Science and Technology (KAIST),,,South Korea,,,10.6,0.09,,,,,9464.0
89,=90,,Korea University,,Asia,South Korea,,0.14463927081724084,0.14050672022246255,,,339.0,3638.0,3745.0,25892.0,
35,=36,=74,Kyoto University,Kyoto University,Asia,Japan,Japan,0.17672151127361366,0.08661965700356926,8.7,0.08,293.0,1990.0,4060.0,22974.0,22481.0
127,128,,Kyushu University,,Asia,Japan,,0.15316184351554127,0.09576634512325831,,,246.0,1787.0,2858.0,18660.0,
212,,=34,LMU Munich,LMU Munich Ludwig-Maximilians-Universit?t M?nchen,,,Germany,,,15.6,0.15,,,,,36091.0
134,=135,=150,Lancaster University,Lancaster University,Europe,United Kingdom,United Kingdom,0.10121951219512196,0.36292682926829267,13.1,0.38,435.0,4464.0,1245.0,12300.0,11637.0
109,=109,67,Leiden University,Leiden University,Europe,Netherlands,Netherlands,0.08765511258627844,0.13155810357183267,18.2,0.12,581.0,3488.0,2324.0,26513.0,24825.0
94,=95,194,Lomonosov Moscow State University,Lomonosov Moscow State University,Europe,Russia,Russian Federation,0.22190983362550856,0.1686236893460788,7.3,0.22,373.0,5098.0,6709.0,30233.0,29236.0
207,,=25,London School of Economics and Political Science,London School of Economics and Political Science,,,United Kingdom,,,12.2,0.71,,,,,10065.0
34,35,,London School of Economics and Political Science (LSE),,Europe,United Kingdom,,0.11147540983606558,0.6913934426229508,,,687.0,6748.0,1088.0,9760.0,
65,66,,Ludwig-Maximilians-Universit?t M?nchen,,Europe,Germany,,0.0933960918556554,0.14502923976608187,,,674.0,5084.0,3274.0,35055.0,
78,=78,93,Lund University,Lund University,Europe,Sweden,Sweden,0.10908371122147845,0.23061973655797885,12.1,0.16,1002.0,6408.0,3031.0,27786.0,28663.0
198,200,103,Maastricht University,Maastricht University,Europe,Netherlands,Netherlands,0.07793713762587733,0.5025328043942631,18.0,0.5,502.0,8234.0,1277.0,16385.0,16727.0
201,,5,Massachusetts Institute of Technology,Massachusetts Institute of Technology,,,United States,,,8.7,0.34,,,,,11177.0
0,1,,Massachusetts Institute of Technology (MIT),,North America,United States,,0.269449715370019,0.33586337760910817,,,1679.0,3717.0,2982.0,11067.0,
31,32,42,McGill University,McGill University,North America,Canada,Canada,0.12643478863959495,0.3308249817942227,13.3,0.26,1220.0,9540.0,3646.0,28837.0,30940.0
139,140,78,McMaster University,McMaster University,North America,Canada,Canada,0.13631761032824236,0.149692009113155,24.7,0.15,1170.0,3548.0,3231.0,23702.0,23693.0
149,=149,=83,Michigan State University,Michigan State University,North America,United States,United States,0.06415875063958533,0.16522435540922337,17.0,0.17,653.0,7427.0,2884.0,44951.0,44556.0
59,60,=80,Monash University,Monash University,Oceania,Australia,Australia,0.05578674281336514,0.3582957533125555,33.7,0.28,1679.0,20578.0,3204.0,57433.0,46846.0
115,=116,,Nagoya University,,Asia,Japan,,0.16826619522667002,0.0976764743023109,,,206.0,1547.0,2665.0,15838.0,
114,=114,=169,Nanjing University,Nanjing University,Asia,China,China,0.07536544083705185,0.09109093706724111,14.2,0.1,617.0,2960.0,2449.0,32495.0,33456.0
222,,52,"Nanyang Technological University, Singapore","Nanyang Technological University, Singapore  NTU Nan yang",,,Singapore,,,16.3,0.31,,,,,25499.0
10,11,,"Nanyang Technological University, Singapore (NTU)",,Asia,Singapore,,0.1685445644572228,0.28172352164115316,,,2993.0,7251.0,4338.0,25738.0,
294,,=198,National Taiwan University,National Taiwan University,,,Taiwan,,,11.5,0.08,,,,,31758.0
76,=76,,National Taiwan University (NTU),,Asia,Taiwan,,0.08718745146761919,0.09790340114924678,,,220.0,3152.0,2807.0,32195.0,
161,=161,,National Tsing Hua University,,Asia,Taiwan,,0.0734341252699784,0.08545716342692584,,,119.0,1187.0,1020.0,13890.0,
206,,=22,National University of Singapore,National University of Singapore nus,,,Singapore,,,17.0,0.3,,,,,30602.0
14,15,,National University of Singapore (NUS),,Asia,Singapore,,0.15601319970667318,0.27245783427034953,,,3086.0,8917.0,5106.0,32728.0,
209,,=27,New York University,New York University,,,United States,,,9.6,0.26,,,,,43860.0
51,52,,New York University (NYU),,North America,United States,,,,,,,,,,
160,=161,=175,Newcastle University,Newcastle University,Europe,United Kingdom,United Kingdom,0.11202879158399852,0.26378443224288284,15.6,0.3,835.0,5717.0,2428.0,21673.0,20952.0
288,,193,Northeastern University,Northeastern University,,,United States,,,14.0,0.32,,,,,18780.0
28,=28,20,Northwestern University,Northwestern University,North America,United States,United States,0.22655957161981258,0.18323962516733602,12.8,0.18,1141.0,3422.0,4231.0,18675.0,17466.0
231,,=70,Ohio State University,Ohio State University,,,United States,,,12.7,0.13,,,,,53190.0
62,63,,Osaka University,,Asia,Japan,,0.12363796133567663,0.09253075571177505,,,296.0,2106.0,2814.0,22760.0,
232,,=72,Paris Sciences et Lettres ¡V PSL Research University Paris,Paris Sciences et Lettres ¡V PSL Research University Paris,,,France,,,10.1,0.25,,,,,19978.0
290,,196,Paris-Sorbonne University ¡V Paris 4,Paris-Sorbonne University ¡V Paris 4,,,France,,,30.2,0.15,,,,,22042.0
281,,181,Paris-Sud University,Paris-Sud University,,,France,,,14.5,0.16,,,,,27221.0
37,=38,=27,Peking University,Peking University,Asia,China,China,0.12305392063793431,0.16826466679324092,8.9,0.16,1038.0,7090.0,5185.0,42136.0,42136.0
93,=93,77,Pennsylvania State University,Pennsylvania State University,North America,United States,United States,0.07693150925195125,0.15524423397351575,15.2,0.14,211.0,7081.0,3509.0,45612.0,45411.0
250,,=123,Pierre and Marie Curie University,Pierre and Marie Curie University,,,France,,,12.3,0.2,,,,,25117.0
70,=71,,Pohang University of Science And Technology (POSTECH),,Asia,South Korea,,0.21302534488290023,0.04042348411934552,,,113.0,126.0,664.0,3117.0,
258,,=137,Pohang University of Science and Technology,Pohang University of Science and Technology postech,,,South Korea,,,10.4,0.04,,,,,3046.0
169,170,,Politecnico di Milano,,Europe,Italy,,0.04134851283182182,0.15417482151225295,,,231.0,5593.0,1500.0,36277.0,
259,,140,Pompeu Fabra University,Pompeu Fabra University,,,Spain,,,20.8,0.12,,,,,11172.0
137,=137,,Pontificia Universidad Cat?lica de Chile (UC),,Latin America,Chile,,0.08369440432544532,0.03669962596748509,,,198.0,991.0,2260.0,27003.0,
12,13,7,Princeton University,Princeton University,North America,United States,United States,0.12479861197174372,0.22220845210063206,8.3,0.24,246.0,1793.0,1007.0,8069.0,7955.0
104,105,60,Purdue University,Purdue University,North America,United States,United States,0.0851270219961723,0.2303699237081509,17.4,0.23,1334.0,8787.0,3247.0,38143.0,38770.0
126,127,121,Queen Mary University of London,Queen Mary University of London,Europe,United Kingdom,United Kingdom,0.11682677409358537,0.42181592810660057,13.3,0.45,801.0,6806.0,1885.0,16135.0,15405.0
140,141,79,RWTH Aachen University,RWTH Aachen University,Europe,Germany,Germany,0.07134353168452501,0.19219623963878968,57.7,0.18,449.0,8556.0,3176.0,44517.0,43721.0
248,,122,Radboud University Nijmegen,Radboud University Nijmegen,,,Netherlands,,,19.1,0.12,,,,,19358.0
88,89,=86,Rice University,Rice University,North America,United States,United States,0.14659606656580937,0.2794251134644478,9.0,0.28,316.0,1847.0,969.0,6610.0,6441.0
291,,197,"Royal Holloway, University of London","Royal Holloway, University of London",,,United Kingdom,,,15.4,0.4,,,,,8931.0
67,68,,Ruprecht-Karls-Universit?t Heidelberg,,Europe,Germany,,0.13544988215721615,0.18362678497157908,,,756.0,5298.0,3908.0,28852.0,
277,,172,"Rutgers, the State University of New Jersey","Rutgers, the State University of New Jersey",,,United States,,,11.1,0.1,,,,,43439.0
191,=192,184,Scuola Normale Superiore di Pisa,Scuola Normale Superiore di Pisa,Europe,Italy,Italy,0.16165413533834586,0.09022556390977443,5.2,0.07,1.0,48.0,86.0,532.0,515.0
192,=192,,Scuola Superiore Sant'Anna Pisa di Studi Universitari e di Perfezionamento,,Europe,Italy,,0.15082382762991128,0.17110266159695817,,,1.0,135.0,119.0,789.0,
265,,=155,Scuola Superiore Sant¡¦Anna,Scuola Superiore Sant¡¦Anna,,,Italy,,,11.7,0.14,,,,,690.0
36,=36,=74,Seoul National University,Seoul National University,Asia,South Korea,South Korea,0.1400370581527936,0.08306014823261118,12.6,0.11,433.0,2331.0,3930.0,28064.0,26470.0
61,62,=188,Shanghai Jiao Tong University,Shanghai Jiao Tong University,Asia,China,China,0.09103285299632684,0.07341193393439675,12.4,0.06,887.0,2858.0,3544.0,38931.0,37288.0
1,2,=3,Stanford University,Stanford University,North America,United States,United States,0.26987026073812825,0.22742158962085904,7.5,0.22,2042.0,3611.0,4285.0,15878.0,15845.0
194,=195,=134,Stockholm University,Stockholm University,Europe,Sweden,Sweden,0.07616420918637955,0.09320745376754712,24.9,0.08,646.0,2636.0,2154.0,28281.0,33156.0
107,108,=111,Sungkyunkwan University (SKKU),Sungkyunkwan University (SKKU),Asia,South Korea,South Korea,0.14865599264244805,0.11780443961372852,19.6,0.12,324.0,2818.0,3556.0,23921.0,24055.0
266,,=155,TU Dresden,TU Dresden,,,Germany,,,35.9,0.13,,,,,34514.0
237,,92,Technical University of Berlin,Technical University of Berlin,,,Germany,,,64.3,0.2,,,,,22390.0
116,=116,=153,Technical University of Denmark,Technical University of Denmark,Europe,Denmark,Denmark,0.23845460689344447,0.23631448524442442,6.0,0.24,966.0,2098.0,2117.0,8878.0,8548.0
63,64,41,Technical University of Munich,Technical University of Munich,Europe,Germany,Germany,0.1510613024841192,0.15960853173578474,54.4,0.23,1174.0,6181.0,5850.0,38726.0,38689.0
143,144,,Technische Universit?t Berlin (TU Berlin),,Europe,Germany,,0.11553030303030302,0.20265151515151514,,,377.0,4494.0,2562.0,22176.0,
196,=195,=159,Texas A&M University,Texas A&M University,North America,United States,United States,0.05715328225030683,0.08126845125551464,23.6,0.09,206.0,4900.0,3446.0,60294.0,56245.0
19,20,,The Australian National University,,Oceania,Australia,,0.1107879795042238,0.38436504639246644,,,927.0,5551.0,1600.0,14442.0,
45,46,,The Chinese University of Hong Kong (CUHK),,Asia,Hong Kong,,0.12241503575982703,0.2674502411709264,,,1074.0,4824.0,2208.0,18037.0,
144,145,,The Hebrew University of Jerusalem,,Asia,Israel,,0.13604742604803097,0.06254915008166476,,,454.0,1034.0,2249.0,16531.0,
95,=95,,The Hong Kong Polytechnic University,,Asia,Hong Kong,,0.1166793820331871,0.2503814609956132,,,1275.0,5251.0,2447.0,20972.0,
29,30,,The Hong Kong University of Science and Technology,,Asia,Hong Kong,,0.1108433734939759,0.2815421686746988,,,835.0,2921.0,1150.0,10375.0,
85,86,,The Ohio State University,,North America,United States,,0.13696820836036705,0.1592826026508481,,,1696.0,6874.0,5911.0,43156.0,
110,=109,,The University of Adelaide,,Oceania,Australia,,0.0814030131826742,0.382015065913371,,,633.0,8114.0,1729.0,21240.0,
81,=82,,The University of Auckland,,Oceania,New Zealand,,0.0690597483215816,0.28905907358051347,,,645.0,8568.0,2047.0,29641.0,
22,=23,,The University of Edinburgh,,Europe,United Kingdom,,0.1453281027104137,0.376283880171184,,,1553.0,10551.0,4075.0,28040.0,
158,=158,,The University of Exeter,,Europe,United Kingdom,,0.08463058460648706,0.2652657959419731,,,597.0,5504.0,1756.0,20749.0,
25,26,,The University of Hong Kong,,Asia,Hong Kong,,0.14900563965568417,0.4071435638666271,,,2085.0,8230.0,3012.0,20214.0,
33,34,,The University of Manchester,,Europe,United Kingdom,,0.133896918461958,0.368530133624216,,,1653.0,13514.0,4910.0,36670.0,
41,=41,,The University of Melbourne,,Oceania,Australia,,0.0784931961500166,0.42743350244179984,,,1477.0,18030.0,3311.0,42182.0,
44,45,,The University of New South Wales (UNSW Sydney),,Oceania,Australia,,0.07349688316911321,0.3592398954353509,,,1612.0,14292.0,2924.0,39784.0,
84,=84,,The University of Nottingham,,Europe,United Kingdom,,0.11520658323332762,0.2740613749357106,,,1135.0,7993.0,3360.0,29165.0,
46,=47,,The University of Queensland,,Oceania,Australia,,0.08422007093900845,0.27788889777848896,,,1870.0,10420.0,3158.0,37497.0,
82,=82,,The University of Sheffield,,Europe,United Kingdom,,0.12052693668895006,0.3438851749901691,,,938.0,8745.0,3065.0,25430.0,
49,50,,The University of Sydney,,Oceania,Australia,,0.07198251853121385,0.36483996743647973,,,1829.0,17030.0,3360.0,46678.0,
27,=28,,The University of Tokyo,,Asia,Japan,,0.16547527402030865,0.09674108288426995,,,254.0,2639.0,4514.0,27279.0,
56,57,,The University of Warwick,,Europe,United Kingdom,,0.10541425333669101,0.3879627297909846,,,890.0,7703.0,2093.0,19855.0,
92,=93,,The University of Western Australia,,Oceania,Australia,,0.07662835249042145,0.24688360045329447,,,809.0,4575.0,1420.0,18531.0,
289,,195,Tilburg University,Tilburg University,,,Netherlands,,,22.5,0.13,,,,,7738.0
75,=76,,Tohoku University,,Asia,Japan,,0.1913389801985752,0.08997587928423179,,,264.0,1604.0,3411.0,17827.0,
55,56,,Tokyo Institute of Technology,,Asia,Japan,,0.1589707078925956,0.1089300244100895,,,191.0,1071.0,1563.0,9832.0,
247,,=117,Trinity College Dublin,Trinity College Dublin,,,Ireland,,,22.8,0.27,,,,,16157.0
87,88,,"Trinity College Dublin, The University of Dublin",,Europe,Ireland,,0.08348372434997661,0.2881491878885101,,,544.0,4311.0,1249.0,14961.0,
24,25,30,Tsinghua University,Tsinghua University Qinghua University Tsing hua University Qing hua University,Asia,China,China,0.15168044077134987,0.1121763085399449,13.7,0.09,932.0,4072.0,5506.0,36300.0,42089.0
276,,=169,Tufts University,Tufts University,,,United States,,,9.3,0.16,,,,,10463.0
6,7,,UCL (University College London),,Europe,United Kingdom,,0.20415057915057916,0.47792792792792793,,,2554.0,14854.0,6345.0,31080.0,
267,,=155,Ulm University,Ulm University,,,Germany,,,28.4,0.13,,,,,10657.0
186,187,,Universidad Aut?noma de Madrid,,Europe,Spain,,0.10327788465165404,0.1122552902568745,,,181.0,2976.0,2738.0,26511.0,
121,=122,,Universidad Nacional Aut?noma de M?xico  (UNAM),,Latin America,Mexico,,0.1061935056608825,0.01530939347184354,,,949.0,2173.0,15073.0,141939.0,
74,75,,Universidad de Buenos Aires (UBA),,Latin America,Argentina,,0.13426709511778318,0.22165804040850035,,,3165.0,27109.0,16421.0,122301.0,
199,201,,Universidad de Chile,,Latin America,Chile,,0.058072487644151564,0.054932042833607905,,,127.0,2134.0,2256.0,38848.0,
182,=182,,Universidade Estadual de Campinas (Unicamp),,Latin America,Brazil,,0.07406292337799188,0.03635405690200211,,,109.0,966.0,1968.0,26572.0,
120,121,,Universidade de S?o Paulo,,Latin America,Brazil,,0.08494772564715192,0.03174506551414527,,,279.0,2086.0,5582.0,65711.0,
195,=195,,Universitat Aut?noma de Barcelona,,Europe,Spain,,0.06837366347777153,0.12030263240167573,,,230.0,3848.0,2187.0,31986.0,
155,156,,Universitat de Barcelona,,Europe,Spain,,0.08397460979957393,0.13334202860745184,,,108.0,6134.0,3863.0,46002.0,
113,=114,,Universiti Malaya (UM),,Asia,Malaysia,,0.15389341972963916,0.19416824935761368,,,655.0,3476.0,2755.0,17902.0,
167,168,,University College Dublin,,Europe,Ireland,,0.08087530882871981,0.19543185599757978,,,627.0,3876.0,1604.0,19833.0,
204,,16,University College London,University College London ucl,,,United Kingdom,,,10.5,0.49,,,,,30304.0
157,=158,185,University of Aberdeen,University of Aberdeen,Europe,United Kingdom,United Kingdom,0.10912119950020825,0.353685964181591,13.9,0.36,508.0,4246.0,1310.0,12005.0,12055.0
257,,=134,University of Adelaide,University of Adelaide,,,Australia,,,34.3,0.26,,,,,21241.0
275,,168,University of Alabama at Birmingham,University of Alabama at Birmingham,,,United States,,,15.2,0.06,,,,,15703.0
90,=90,=119,University of Alberta,University of Alberta,North America,Canada,Canada,0.11210451755076342,0.2582402014796159,21.6,0.26,1294.0,8203.0,3561.0,31765.0,32435.0
57,58,59,University of Amsterdam,University of Amsterdam,Europe,Netherlands,Netherlands,0.1001270843763238,0.14576192860168677,12.3,0.12,707.0,3785.0,2600.0,25967.0,23495.0
270,,161,University of Arizona,University of Arizona,,,United States,,,13.0,0.09,,,,,38334.0
287,,192,University of Auckland,University of Auckland,,,New Zealand,,,18.8,0.29,,,,,30348.0
148,=149,=95,University of Basel,University of Basel,Europe,Switzerland,Switzerland,0.08224400871459694,0.2677404295051354,17.7,0.27,684.0,3441.0,1057.0,12852.0,12729.0
159,160,,University of Bath,,Europe,United Kingdom,,0.08107167710508002,0.2931802366040362,,,440.0,4213.0,1165.0,14370.0,
163,=164,,University of Bergen,,Europe,Norway,,0.14178614937681566,0.07187704994845844,,,484.0,767.0,1513.0,10671.0,
166,167,=105,University of Bern,University of Bern,Europe,Switzerland,Switzerland,0.10894218256181447,0.15039970254694182,16.5,0.15,661.0,1618.0,1172.0,10758.0,10449.0
83,=84,=141,University of Birmingham,University of Birmingham,Europe,United Kingdom,United Kingdom,0.10334961618981159,0.27198185624563853,15.0,0.27,1028.0,7795.0,2962.0,28660.0,27061.0
240,,=100,University of Bonn,University of Bonn,,,Germany,,,77.9,0.13,,,,,35619.0
43,44,76,University of Bristol,University of Bristol,Europe,United Kingdom,United Kingdom,0.13911778962675714,0.24716432380029082,13.7,0.27,942.0,5099.0,2870.0,20630.0,19995.0
50,51,=34,University of British Columbia,University of British Columbia,North America,Canada,Canada,0.09231380337636544,0.2261767626613704,18.1,0.29,1635.0,11388.0,4648.0,50350.0,51889.0
205,,18,"University of California, Berkeley","University of California, Berkeley",,,United States,,,13.1,0.17,,,,,36182.0
26,27,,"University of California, Berkeley (UCB)",,North America,United States,,0.09048306677928235,0.16581750810560444,,,1395.0,6086.0,3321.0,36703.0,
117,118,=54,"University of California, Davis","University of California, Davis",North America,United States,United States,0.11222403924775143,0.1322567457072772,13.8,0.1,549.0,4529.0,3843.0,34244.0,37365.0
164,=164,99,"University of California, Irvine","University of California, Irvine",North America,United States,United States,0.059904824111225156,0.2655593916207894,17.0,0.21,377.0,8538.0,1926.0,32151.0,30419.0
203,,15,"University of California, Los Angeles","University of California, Los Angeles",,,United States,,,9.6,0.17,,,,,39279.0
32,33,,"University of California, Los Angeles (UCLA)",,North America,United States,,0.07127187515580595,0.17168569576706386,,,662.0,6887.0,2859.0,40114.0,
292,,=198,"University of California, Riverside","University of California, Riverside",,,United States,,,20.7,0.14,,,,,20740.0
210,,31,"University of California, San Diego","University of California, San Diego",,,United States,,,12.8,0.17,,,,,29633.0
38,=38,,"University of California, San Diego (UCSD)",,North America,United States,,0.11458882650370691,0.2060985823742904,,,870.0,6644.0,3694.0,32237.0,
223,,53,"University of California, Santa Barbara","University of California, Santa Barbara",,,United States,,,28.1,0.14,,,,,23054.0
133,134,,"University of California, Santa Barbara (UCSB)",,North America,United States,,0.06259449652252796,0.09192621711521017,,,267.0,2128.0,1449.0,23149.0,
271,,=162,"University of California, Santa Cruz","University of California, Santa Cruz",,,United States,,,23.0,0.04,,,,,17866.0
4,5,2,University of Cambridge,University of Cambridge,Europe,United Kingdom,United Kingdom,0.2924880127863612,0.3568993074054342,10.9,0.35,2278.0,6699.0,5490.0,18770.0,18389.0
190,191,171,University of Cape Town,University of Cape Town,Africa,South Africa,South Africa,0.0884499566171592,0.1697034655234012,11.7,0.18,379.0,3325.0,1733.0,19593.0,20775.0
8,9,9,University of Chicago,University of Chicago,North America,United States,United States,0.18064468540237516,0.2492439330235303,6.2,0.25,635.0,3379.0,2449.0,13557.0,13525.0
260,,145,University of Cologne,University of Cologne,,,Germany,,,50.9,0.1,,,,,45087.0
183,=182,=100,University of Colorado Boulder,University of Colorado Boulder,North America,United States,United States,0.12194314835037559,0.08865283430954035,16.3,0.1,566.0,2679.0,3685.0,30219.0,30780.0
72,=73,=109,University of Copenhagen,University of Copenhagen,Europe,Denmark,Denmark,0.23297736542233569,0.11466733086335192,4.1,0.14,2336.0,3683.0,7483.0,32119.0,30395.0
284,,187,University of Dundee,University of Dundee,,,United Kingdom,,,14.9,0.24,,,,,10893.0
285,,=188,University of East Anglia,University of East Anglia,,,United Kingdom,,,13.6,0.3,,,,,13521.0
208,,=27,University of Edinburgh,University of Edinburgh,,,United Kingdom,,,12.5,0.4,,,,,26759.0
272,,=162,University of Erlangen-Nuremberg,University of Erlangen-Nuremberg,,,Germany,,,58.5,0.12,,,,,38730.0
255,,=130,University of Exeter,University of Exeter,,,United Kingdom,,,17.5,0.28,,,,,19159.0
177,178,=143,University of Florida,University of Florida,North America,United States,United States,0.11913817742112784,0.1010662855886556,17.5,0.09,504.0,4597.0,5419.0,45485.0,46346.0
233,,82,University of Freiburg,University of Freiburg,,,Germany,,,40.3,0.19,,,,,20871.0
97,=98,=130,University of Geneva,University of Geneva,Europe,Switzerland,Switzerland,0.1105781368341328,0.38525624842211564,15.1,0.4,1029.0,6104.0,1752.0,15844.0,16085.0
64,65,=80,University of Glasgow,University of Glasgow,Europe,United Kingdom,United Kingdom,0.11652319966407726,0.3421792987612849,15.4,0.36,956.0,8149.0,2775.0,23815.0,23389.0
293,,=198,University of Gothenburg,University of Gothenburg,,,Sweden,,,10.0,0.13,,,,,18378.0
112,113,=83,University of Groningen,University of Groningen,Europe,Netherlands,Netherlands,0.12163780899488184,0.3913027696105122,24.1,0.17,1137.0,10780.0,3351.0,27549.0,26197.0
180,181,=113,University of G?ttingen,University of G?ttingen,Europe,Germany,Germany,0.12097888296822577,0.1228866521939346,27.9,0.12,641.0,3736.0,3678.0,30402.0,28554.0
102,=102,90,University of Helsinki,University of Helsinki,Europe,Finland,Finland,0.11798028458004371,0.05504259779651189,16.2,0.06,535.0,1234.0,2645.0,22419.0,22532.0
216,,40,University of Hong Kong,University of Hong Kong HKU hku The University of Hong Kong,,,Hong Kong,,,18.0,0.42,,,,,18364.0
68,69,37,University of Illinois at Urbana-Champaign,University of Illinois at Urbana-Champaign,North America,United States,United States,0.06019751573290593,0.22351332877648666,22.8,0.23,259.0,9483.0,2554.0,42427.0,43402.0
145,146,152,University of Lausanne,University of Lausanne,Europe,Switzerland,Switzerland,0.1617417193896539,0.24838109415705248,13.6,0.25,1031.0,3337.0,2173.0,13435.0,13065.0
100,101,139,University of Leeds,University of Leeds,Europe,United Kingdom,United Kingdom,0.10204081632653061,0.2541406645302749,14.7,0.26,870.0,7534.0,3025.0,29645.0,27995.0
269,,=159,University of Leicester,University of Leicester,,,United Kingdom,,,14.1,0.38,,,,,14635.0
173,=173,=177,University of Liverpool,University of Liverpool,Europe,United Kingdom,United Kingdom,0.1083163380920009,0.33999546793564467,11.7,0.35,717.0,7502.0,2390.0,22065.0,19815.0
280,,=179,University of Luxembourg,University of Luxembourg,,,Luxembourg,,,14.6,0.57,,,,,4969.0
224,,=54,University of Manchester,University of Manchester,,,United Kingdom,,,14.6,0.38,,,,,35318.0
251,,125,University of Mannheim,University of Mannheim,,,Germany,,,74.5,0.16,,,,,10995.0
128,129,69,"University of Maryland, College Park","University of Maryland, College Park",North America,United States,United States,0.11041009463722397,0.1319006309148265,16.5,0.1,473.0,4683.0,3920.0,35504.0,31772.0
286,,191,University of Massachusetts,University of Massachusetts,,,United States,,,13.3,0.14,,,,,59230.0
211,,32,University of Melbourne,University of Melbourne,,,Australia,,,26.6,0.4,,,,,42116.0
283,,186,University of Miami,University of Miami,,,United States,,,5.9,0.16,,,,,15860.0
20,=21,21,University of Michigan,University of Michigan,North America,United States,United States,0.15780934943333255,0.17445013558300693,8.6,0.16,1920.0,7527.0,6809.0,43147.0,41818.0
162,163,=56,University of Minnesota,University of Minnesota,North America,United States,United States,0.0823373840848984,0.10950420139935053,17.4,0.11,195.0,6542.0,4919.0,59742.0,60949.0
243,,108,University of Montreal,University of Montreal,,,Canada,,,21.9,0.22,,,,,41017.0
278,,=173,University of M?nster,University of M?nster,,,Germany,,,42.6,0.07,,,,,42287.0
234,,85,University of New South Wales,University of New South Wales unsw australia unsw,,,Australia,,,26.7,0.34,,,,,40133.0
225,,=56,University of North Carolina at Chapel Hill,University of North Carolina at Chapel Hill,,,United States,,,9.7,0.08,,,,,34684.0
79,80,,"University of North Carolina, Chapel Hill",,North America,United States,,0.16091908721869705,0.07622275647341663,,,524.0,1934.0,4083.0,25373.0,
264,,=150,University of Notre Dame,University of Notre Dame,,,United States,,,13.4,0.11,,,,,11912.0
262,,=147,University of Nottingham,University of Nottingham,,,United Kingdom,,,14.0,0.3,,,,,29176.0
142,=142,146,University of Oslo,University of Oslo,Europe,Norway,Norway,0.10323403554970376,0.15088051349572087,18.6,0.19,711.0,3667.0,2509.0,24304.0,27730.0
150,151,,University of Otago,,Oceania,New Zealand,,0.06831426721346859,0.20888193395208288,,,759.0,3871.0,1266.0,18532.0,
5,6,1,University of Oxford,University of Oxford,Europe,United Kingdom,United Kingdom,0.3422920892494929,0.3728701825557809,11.2,0.38,2964.0,7353.0,6750.0,19720.0,20409.0
18,19,=10,University of Pennsylvania,University of Pennsylvania,North America,United States,United States,0.2664373273898929,0.20592082949755317,6.5,0.2,1383.0,4250.0,5499.0,20639.0,20361.0
141,=142,=100,University of Pittsburgh,University of Pittsburgh,North America,United States,United States,0.18876217178797408,0.11127950592960255,5.9,0.1,572.0,2937.0,4982.0,26393.0,26367.0
230,,65,University of Queensland,University of Queensland,,,Australia,,,35.7,0.26,,,,,38968.0
188,=188,,University of Reading,,Europe,United Kingdom,,0.09602400600150038,0.3058514628657164,,,422.0,4077.0,1280.0,13330.0,
185,186,=153,University of Rochester,University of Rochester,North America,United States,United States,0.266604400166044,0.2910958904109589,4.3,0.29,488.0,2805.0,2569.0,9636.0,9636.0
96,97,132,University of Science and Technology of China,University of Science and Technology of China,Asia,China,China,0.12425149700598802,0.03418163672654691,8.2,0.03,155.0,548.0,1992.0,16032.0,16032.0
241,,104,University of Sheffield,University of Sheffield,,,United Kingdom,,,14.9,0.36,,,,,24581.0
101,=102,=126,University of Southampton,University of Southampton,Europe,United Kingdom,United Kingdom,0.11861198738170348,0.3276130389064143,12.5,0.33,1017.0,7789.0,2820.0,23775.0,21670.0
131,132,66,University of Southern California,University of Southern California,North America,United States,United States,0.08062143539188107,0.2366512684198302,12.8,0.23,551.0,9170.0,3124.0,38749.0,38380.0
91,92,=143,University of St Andrews,University of St Andrews,Europe,United Kingdom,United Kingdom,0.12954545454545455,0.45795454545454545,13.0,0.48,485.0,4030.0,1140.0,8800.0,9005.0
263,,=147,University of Sussex,University of Sussex,,,United Kingdom,,,15.4,0.38,,,,,12384.0
227,,61,University of Sydney,University of Sydney,,,Australia,,,21.6,0.32,,,,,44553.0
175,176,,University of Technology Sydney,,Oceania,Australia,,0.05486016441525179,0.3209402239021771,,,546.0,7769.0,1328.0,24207.0,
66,67,49,University of Texas at Austin,University of Texas at Austin,North America,United States,United States,0.059026981977289304,0.09884362954474424,17.1,0.1,108.0,4744.0,2833.0,47995.0,48561.0
219,,46,University of Tokyo,University of Tokyo,,,Japan,,,6.7,0.1,,,,,26000.0
30,31,=22,University of Toronto,University of Toronto,North America,Canada,Canada,0.1326879665406401,0.30343318514825435,18.7,0.17,3905.0,21910.0,9581.0,72207.0,69427.0
179,=179,=179,University of Twente,University of Twente,Europe,Netherlands,Netherlands,0.09751393056150878,0.23949849978568366,12.8,0.27,299.0,2235.0,910.0,9332.0,6697.0
238,,94,University of T?bingen,University of T?bingen,,,Germany,,,38.5,0.13,,,,,27844.0
153,154,=165,University of Vienna,University of Vienna,Europe,Austria,Austria,0.07420540822764157,0.3147475362760241,20.8,0.26,1400.0,14468.0,3411.0,45967.0,35375.0
174,=173,=113,University of Virginia,University of Virginia,North America,United States,United States,0.11637291280148424,0.08807977736549165,9.7,0.12,487.0,1899.0,2509.0,21560.0,24055.0
236,,91,University of Warwick,University of Warwick,,,United Kingdom,,,13.0,0.39,,,,,18424.0
60,61,=25,University of Washington,University of Washington,North America,United States,United States,0.04359959981043652,0.14696435153493762,11.4,0.16,550.0,8373.0,2484.0,56973.0,44945.0
151,152,,University of Waterloo,,North America,Canada,,0.04752257955600574,0.2521594777862187,,,473.0,8962.0,1689.0,35541.0,
244,,=111,University of Western Australia,University of Western Australia uwa,,,Australia,,,21.8,0.25,,,,,18787.0
54,55,43,University of Wisconsin-Madison,University of Wisconsin-Madison,North America,United States,United States,0.14677440041041426,0.12620238553289725,10.7,0.12,1151.0,4920.0,5722.0,38985.0,38960.0
274,,=165,University of W?rzburg,University of W?rzburg,,,Germany,,,33.9,0.09,,,,,22537.0
135,=135,=137,University of York,University of York,Europe,United Kingdom,United Kingdom,0.11456966060378773,0.2102631414463404,15.1,0.27,636.0,3364.0,1833.0,15999.0,14962.0
73,=73,136,University of Zurich,University of Zurich,Europe,Switzerland,Switzerland,0.191713025129484,0.19320928448110494,5.9,0.2,2617.0,5036.0,4997.0,26065.0,26363.0
254,,129,Universit? Catholique de Louvain,Universit? Catholique de Louvain,,,Belgium,,,37.8,0.19,,,,,24451.0
279,,=175,Universit? Libre de Bruxelles,Universit? Libre de Bruxelles,,,Belgium,,,43.4,0.35,,,,,25343.0
130,131,,Universit? Pierre et Marie Curie (UPMC),,Europe,France,,0.09351985188232874,0.17333881917300967,,,253.0,4213.0,2273.0,24305.0,
152,153,,Universit? catholique de Louvain (UCL),,Europe,Belgium,,0.050212134942538206,0.1840425093710096,,,406.0,4468.0,1219.0,24277.0,
129,130,,Universit? de Montr?al,,North America,Canada,,0.07570566578032317,0.24769891593372878,,,1037.0,9688.0,2961.0,39112.0,
111,112,=86,Uppsala University,Uppsala University,Europe,Sweden,Sweden,0.10117851089826968,0.2048795869299594,17.3,0.11,584.0,5198.0,2567.0,25371.0,25174.0
108,=109,68,Utrecht University,Utrecht University utrecht  utrecht university,Europe,Netherlands,Netherlands,0.09658625684953077,0.08726459658625685,15.2,0.07,653.0,2771.0,3067.0,31754.0,31522.0
242,,=105,Vanderbilt University,Vanderbilt University,,,United States,,,3.3,0.13,,,,,12011.0
184,=182,,Vienna University of Technology,,Europe,Austria,,0.04039132673493907,0.2974426454602666,,,172.0,5199.0,706.0,17479.0,
273,,=165,Vrije Universiteit Amsterdam,Vrije Universiteit Amsterdam,,,Netherlands,,,18.1,0.07,,,,,24554.0
181,=182,,Vrije Universiteit Brussel (VUB),,Europe,Belgium,,0.1930202498922878,0.19959069366652304,,,515.0,1853.0,1792.0,9284.0,
123,124,,Wageningen University,,Europe,Netherlands,,0.17936195352500986,0.2846002363135093,,,323.0,3613.0,2277.0,12695.0,
229,,64,Wageningen University & Research,Wageningen University & Research,,,Netherlands,,,19.7,0.29,,,,,12326.0
221,,=50,Washington University in St Louis,Washington University in St Louis,,,United States,,,7.5,0.17,,,,,12600.0
99,100,,Washington University in St. Louis,,North America,United States,,0.20031171144426302,0.20083123051803473,,,784.0,2706.0,2699.0,13474.0,
15,16,12,Yale University,Yale University,North America,United States,United States,0.39832285115303984,0.19908079342041607,4.3,0.21,1708.0,2469.0,4940.0,12402.0,12155.0
105,106,,Yonsei University,,Asia,South Korea,,0.1397907578272787,0.13044821063197312,,,290.0,3379.0,3621.0,25903.0,
86,87,=177,Zhejiang University,Zhejiang University ZJU Zhejiang University China research,Asia,China,China,0.110279184712129,0.11316645868506692,14.1,0.06,1913.0,4625.0,4507.0,40869.0,50051.0
156,157,=182,?cole Normale Sup?rieure de Lyon,?cole Normale Sup?rieure de Lyon,Europe,France,France,0.1891089108910891,0.1094059405940594,8.5,0.13,91.0,221.0,382.0,2020.0,2221.0
245,,115,?cole Polytechnique,?cole Polytechnique,,,France,,,5.1,0.36,,,,,2799.0
214,,=38,?cole Polytechnique F?d?rale de Lausanne,?cole Polytechnique F?d?rale de Lausanne,,,Switzerland,,,11.2,0.55,,,,,9928.0
